Zielwinkel, Odom, Imu, Imu
180,153.855,150.892,147.175,Wed Jul 27 14:50:49 2022
720,0,0.000210192,0,Wed Jul 27 15:08:26 2022
270,286.571,289.069,292.071,Wed Jul 27 15:10:24 2022
90,73.051,70.713,66.5785,Wed Jul 27 15:38:02 2022
-90,1.27267,-1.24283,-65.8805,Wed Jul 27 16:39:47 2022
-90,1.27432,-1.25003,-67.5555,Wed Jul 27 16:41:18 2022
90,0.214815,1.26607,1.20397,1.1227,Wed Jul 27 16:48:15 2022
